Spielername,Mannschaftsname,Toranzahl
Markus Wallner,Falken United,6
Lukas Berger,Fc Haramball,4
Kevin Hofer,Emirs Dönerbude,4
Markus Auer,If Schleifen United,4
Markus Steiner,SV Marantana,4
Alexander Gruber,WMGOCPATMHDLSA FC - 1,3
Thomas Kern,FC 3.Hoibzeit,3
Leon Schmid,1CHIT,3
Maximilian Koch,Fc Haramball,3
Kevin Fuchs,Antikicker,3
Sebastian Kern,Bracelona Kampfmannschaft,3
Michael Fuchs,Emirs Dönerbude,3
Dominik Schuster,FC Antibvb,3
Florian Moser,Pink Panther's,3
Christoph Leitner,FC Edeltechniker,2
Philipp Hofer,Bracelona Kampfmannschaft,2
David Lang,1CHIT,2
Patrick Huber,Fc Holzfuß,2
Daniel Gruber,SV Marantana,2
Andreas Pichler,Emirs Dönerbude,2
Martin Weiss,Bracelona U23,2
Michael Hofer,FC 3.Hoibzeit,2
Lukas Steiner,WMGOCPATMHDLSA FC - 2,2
Julian Weiss,WMGOCPATMHDLSA FC - 3,2
Sebastian Maier,FC Edeltechniker,2
Stefan Lang,If Schleifen United,2
Jonas Steiner,Fc Haramball,2
Sebastian Reiter,WMGOCPATMHDLSA FC - 1,2
Marcel Fuchs,FC Antibvb,2
Markus Reiter,SK Lation,2
Johannes Moser,Junglehrerinnen und Junglehrer,2
Claudia Leitner,Junglehrerinnen und Junglehrer,2
Tobias Gruber,Pink Panther's,2
Martin Weiss,Bracelona Kampfmannschaft,2
Philipp Hofer,Bracelona U23,1
Florian Brandner,FC Edeltechniker,1
Lukas Aichinger,FC Antibvb,1
Simon Eder,SV Marantana,1
Kevin Leitgeb,Fc Holzfuß,1
Michael Pichler,1CHIT,1
Roman Gruber,Fc Holzfuß,1
Stefan Brandstätter,Antikicker,1
Sebastian Eder,FC 3.Hoibzeit,1
Fabian Kurz,WMGOCPATMHDLSA FC - 3,1
Daniel Leitner,WMGOCPATMHDLSA FC - 3,1
Paul Neumann,Fc Haramball,1
Florian Kern,If Schleifen United,1
Lukas Eder,WMGOCPATMHDLSA FC - 1,1
Martin Huber,Junglehrerinnen und Junglehrer,1
Daniel Auer,Pink Panther's,1
Sebastian Kern,Bracelona U23,1
Stefan Gruber,Emirs Dönerbude,1
Roman König,Falken United,1
Stefan Höller,Frühwarnung United,1
Florian Aigner,WMGOCPATMHDLSA FC - 2,1
David Leitner,WMGOCPATMHDLSA FC - 2,1
Thomas Egger,SK Lation,1
Alexander Lang,Bracelona Kampfmannschaft,1
Daniel Schmid,Falken United,1
Michael Winkler,Pink Panther's,1
Simon Gruber,FC 3.Hoibzeit,0
Lukas Brandl,FC 3.Hoibzeit,0
David König,FC 3.Hoibzeit,0
Oliver Brandl,SK Lation,0
Christoph Seidl,Frühwarnung United,0
Manuel Eder,Frühwarnung United,0
Patrick Maier,WMGOCPATMHDLSA FC - 3,0
Thomas Hofer,WMGOCPATMHDLSA FC - 3,0
Simon Fink,Frühwarnung United,0
Kevin Fuchs,WMGOCPATMHDLSA FC - 3,0
Matthias Lackner,Frühwarnung United,0
Daniel Brunner,Frühwarnung United,0
Paul Schmid,If Schleifen United,0
Fabian Kurz,SK Lation,0
Simon Mayr,If Schleifen United,0
Daniel Pichler,If Schleifen United,0
Florian Steiner,Fc Holzfuß,0
Roman Leitgeb,SK Lation,0
Patrick Holzmann,SK Lation,0
Michael Winkler,WMGOCPATMHDLSA FC - 1,0
Thomas Leitner,WMGOCPATMHDLSA FC - 1,0
Fabian Berger,WMGOCPATMHDLSA FC - 1,0
Christian Baumann,Bracelona U23,0
Julian Maier,Bracelona U23,0
Alexander Lang,Bracelona U23,0
Sabine Gruber,Junglehrerinnen und Junglehrer,0
Peter Baumann,Junglehrerinnen und Junglehrer,0
David Huber,Fc Haramball,0
Patrick Leitgeb,Falken United,0
Markus Baumgartner,Fc Holzfuß,0
Paul König,FC Edeltechniker,0
Fabian Holzner,Falken United,0
Michael Gruber,Antikicker,0
Andreas Mair,Antikicker,0
Thomas Hölzl,Antikicker,0
Fabian Riedl,Antikicker,0
Simon Gruber,WMGOCPATMHDLSA FC - 2,0
Tobias Kern,WMGOCPATMHDLSA FC - 2,0
Patrick Lorenz,FC Antibvb,0
Simon Kern,FC Antibvb,0
Daniel Pinter,FC Antibvb,0
Paul Hofer,WMGOCPATMHDLSA FC - 2,0
Kevin Weiß,FC Edeltechniker,0
Andreas Hofer,FC Edeltechniker,0
Christian Baumann,Bracelona Kampfmannschaft,0
Daniel Seidl,Fc Holzfuß,0
Julian Maier,Bracelona Kampfmannschaft,0
Thomas Reiter,SV Marantana,0
Julian Koch,SV Marantana,0
Fabian Mayr,SV Marantana,0
Simon Leitner,Fc Haramball,0
Kevin Brandner,Pink Panther's,0
Daniel Mayr,Emirs Dönerbude,0
Andreas Fink,1CHIT,0
Sebastian Wolf,1CHIT,0
Paul Berger,1CHIT,0
Markus Koller,Emirs Dönerbude,0
Thomas Reiter,Falken United,0
Laura Steinbauer,Pink Panther's,0
Daniel König,Junglehrerinnen und Junglehrer,0
